FIPS,State,County/Borough/Parish,Year,Health_Outcomes_Rank,Yrs_Potential_Life_Lost_per_100K,Percent_Fair/Poor_Health,Percent_Low_Birthweight_Births,Percent_Adult_Smokers,Percent_Adult_Obesity,Healthy_Food_Access_Index,Percent_Adults_Physical_Inactivity,Percent_Access_to_Excercise_Opportunities,Percent_Adults_Excessive_Drinking,Percent_Driving_Deaths_with_Alcohol_Involvement,Chlamydia_Cases_per_100K,Teen_Birth_Rate,Percent_Ppl_Under65_w/o_Insurance,PCP_per_100K,Dentists_per_100K,MHP_per_100K,Preventable_Hospitalization_Rate_per_100K_Medicare,Graduation_Rate,Percent_Adults_with_Some_Post-secondary_Ed,Percent_Unemployed_&_Looking_for_Work,Percent_Children_Living_in_Poverty,80th_Percentile_MHI,20th_Percentile_MHI,Percent_Children_Living_in_Single_Parent_Household,Associations_per_10K,Violent_Crimes_per_100K,Injury_Death_Rate_per_100K,Avg_Daily_Particulate_Matter_in_Micrograms_per_Cubic_Meter,County_Affected_by_Water_Violation,Percent_Households_with_One_or_More_Severe_Problems,Percent_Lone_Commuters_who_Commute_More_Than_30Min,Premature_Deaths,Premature_Age_Adjusted_Mortality_per_100K,Child_Mortality_per_100K,Infant_Mortality_per_1K_live_births,Percent_Adults_Diagnosed_Diabetes,HIV_per_100K,Percent_Pop_w/o_Adequate_Access_to_Food,Drug_Overdose_Deaths_per_100K,Motor_Vehicle_Deaths_per_100K,Percent_Children_w/o_Health_Insurance,Other_Primary_Care_Providers_per_100K,Median_Household_Income,Percent_Children_Enrolled_in_Reduced_Lunch,Homicide_per_100K,Resident_Population,Percent_under_18_years_of_age,Percent_Age_65_and_over,Number_Non-Hispanic_Black_or_African_American,Percent_Non-Hispanic_Black_or_African_American,Number_American_Indian_or_Alaskan_Native,Percent_American_Indian_or_Alaskan_Native,Number_Asian,Percent_Asian,Number_Native_Hawaiian_Other_Pacific_Islander,Percent_Native_Hawaiian_Other_Pacific_Islander,Number_Hispanic,Percent_Hispanic,Number_Non-Hispanic_White,Percent_Non-Hispanic_White,Number_Not_Proficient_in_English,Percent_Not_Proficient_in_English,Percent_Female,Number_Pop_Living_in_Rural_Area,Percent_Rural
1000,Alabama,0,2018,0,9642.412033,21.40240566,10.14869718,21.5381544,34.7,5.6,29,62.81895067,14.17814586,25.89245368,543.6,35.553835,11.89813381,65.15772,46.75837,84.40771,62.02,89.32253684,59.58281283,5.987009202,24.7,92467,17560,38.08951569,12.27006744,436.0252882,76.99133721,10.1,0,15.45700056,33.4,78721,468.7,72.79316446,8.681847377,13.7,302.4,17.7,15.20074314,19.1157158,3.090049932,67.38223,46309,51.0895535,8.834696441,4863300,22.55306068,16.13207082,1288283,26.48989369,33932,0.697715543,68864,1.415993256,5068,0.104209076,203845,4.191495487,3201937,65.83877203,51759,1.137962353,51.56404088,1957932,40.9631829
2000,Alaska,0,2018,0,7642.104193,13.43787211,5.816326531,19.0354082,29.4,6.4,19.3,83.88651016,19.12504204,37.34939759,768.3,31.87059966,16.31966099,88.43062,95.701,356.38514,36.05,75.78051558,65.4834938,6.605202704,13.6,135227,33230,30.55579482,11.24003294,626.5110767,86.57200122,0,0,20.98498093,15.9,8104,356.8,65.75184292,5.373736342,7.1,109.3,13.9,16.86920234,8.951277687,10.5732941,133.57703,76144,42.74681805,6.117357896,741894,25.24983353,10.40660795,24943,3.362070592,112404,15.15095148,46912,6.323275293,9870,1.330378733,51599,6.955036703,453915,61.18326877,11474,1.681361853,47.68363135,241338,33.98021207
4000,Arizona,0,2018,0,6809.275244,17.75771344,7.059869985,14.71475109,26.7,6.4,20.2,86.25743642,17.28136271,27.08042771,481.1,32.88836414,12.78126803,65.84589,60.236,121.95806,36.09,77.55657707,62.89542073,5.299788595,23.6,101818,21908,36.11050645,5.572589013,414.954014,77.94657276,6,0,19.51391667,34.7,75808,328.1,49.57762757,5.682118244,9.5,270,15.8,18.87204975,12.3987483,8.755080765,81.40156,53481,50.15425583,5.732084641,6931071,23.53881529,16.89383935,292067,4.213879789,371605,5.361436927,236628,3.414017834,18423,0.265803077,2144775,30.94435189,3844532,55.4680799,320154,5.086946532,50.32665226,651358,10.19017941
5000,Arkansas,0,2018,0,9226.512531,24.47233892,8.887104628,23.58488517,34.6,5.2,32.3,65.64172929,15.92173489,27.41136104,545,43.52381756,11.07119256,65.71074,45.07658,205.10346,61.84,85.08364307,56.6406899,3.999270125,24,85811,17785,35.7672779,12.04081386,469.8546109,78.97542841,10.1,0,14.69240347,26.3,46702,458.2,67.06191697,7.583533543,12.9,214.8,18.4,12.86267798,18.96573035,4.998678108,64.7202,44406,63.58216666,7.291538114,2988248,23.59419299,16.28827326,461416,15.44102096,29049,0.972108071,47326,1.583737361,9000,0.301179822,218561,7.314018114,2177898,72.88210349,44028,1.585116295,50.87847461,1278329,43.83967588
6000,California,0,2018,0,5217.322639,17.5265863,6.776247823,10.97292811,22.7,8.8,17.9,89.6220847,17.81262457,29.43466172,487.5,24.05312975,9.721116968,78.04609,82.34901,308.20624,36.16,82.26506922,63.54849147,5.432138667,19.9,132228,25308,31.83977971,5.774199793,407.0120202,47.62018268,8,0,27.8819603,39.3,334851,268.8,38.4573199,4.497016168,8.5,376.4,12.5,11.80402268,8.502250102,3.551168132,52.21909,67715,58.91069964,4.972494234,39250017,23.1665199,13.6219941,2221095,5.658838313,648055,1.651094826,5817509,14.82167256,196944,0.501767936,15280773,38.93188887,14802979,37.71457984,3718345,10.2845568,50.3354075,1880350,5.047383424
8000,Colorado,0,2018,0,5732.160553,14.31880838,8.828697339,15.59333176,20.5,8.2,15.1,91.19938853,20.60369309,34.55175067,445.4,24.02047563,9.227657697,80.45341,77.48335,306.88317,31.18,77.33406739,71.2135504,3.314158069,13.4,121156,26973,28.13592779,8.699597953,308.6489438,73.94549892,5.4,0,17.29632215,34,50147,281.7,44.61554176,4.984933756,6,253.6,12.2,16.57189804,9.755127097,4.443133196,93.76334,65718,41.84189685,3.634156919,5540545,22.76620802,13.41969066,219865,3.968291928,88197,1.591847011,180510,3.257982744,10602,0.191353017,1181219,21.31954528,3802465,68.62980086,158063,3.146281811,49.71942291,696435,13.84783969
9000,Connecticut,0,2018,0,5271.090041,13.84150297,7.823786754,13.34553388,25.2,8.5,20.4,93.60532185,18.37566878,33.72520206,364.9,13.45730564,6.867228769,84.77017,84.44123,347.07582,46.19,87.31786962,68.44889457,5.088936933,13.1,143701,28283,31.77441774,9.421073239,260.7968911,61.09598861,8.2,0,19.04874263,32.9,33656,268.3,34.75889186,5.009694938,8.6,338.7,12.2,22.24077168,7.751367364,3.258983457,104.0137,73380,38.00002611,3.314048123,3576452,21.06260618,16.14457569,359890,10.06276612,19140,0.535167255,167870,4.693757948,3815,0.106669962,562348,15.72362777,2420461,67.67771523,127308,3.74461947,51.19143218,429155,12.00736857
10000,Delaware,0,2018,0,7183.045399,15.83680926,8.633381032,17.65767891,30.6,8.5,26.1,86.34465339,18.40834197,36.28620102,492.2,24.05900161,6.933481734,71.25233,48.21099,231.18169,47.24,85.50970874,62.16073634,4.380158121,17.7,116369,26787,37.99420978,10.03241241,509.0958824,68.14992727,9,0,15.6454158,34.1,11698,343.7,57.19779782,7.720512291,11.4,404.9,12.1,23.60943432,12.08049404,2.824015504,106.50533,62112,37.71451208,6.29481682,952065,21.45588799,17.53556742,204799,21.51103129,6174,0.648485135,37846,3.975148756,918,0.096421988,87152,9.153996839,598485,62.8617794,19098,2.172488636,51.61359781,149985,16.70334345
12000,Florida,0,2018,0,6803.005667,18.50474948,8.638895682,15.47759345,25.9,6.7,23.8,87.04541333,17.52202504,26.35416667,454.8,25.29060273,16.30106408,72.65454,57.64966,142.17628,53.64,77.88487882,61.79158851,4.882313566,21.3,98580,21048,38.45734872,7.141140428,499.6177489,72.26377606,7.4,0,21.51365222,39.5,246577,332.3,53.41628164,6.288284928,10.6,615.2,15.1,17.42435231,13.2532121,7.341588415,87.76739,50857,58.84924475,5.898639341,20612439,20.11752224,19.86624193,3206637,15.55680529,102439,0.496976607,587722,2.851297704,23107,0.112102212,5126975,24.87320884,11314909,54.89359605,1216654,6.457742201,51.14527204,1661466,8.836969339
13000,Georgia,0,2018,0,7508.485875,18.80016977,9.509725258,17.88638205,30.2,5.8,24.1,76.65620352,15.05168029,23.32106716,570.8,31.60845601,15.76554189,65.81588,50.40556,120.60672,50.18,79.55229924,62.29230923,5.369630415,23.1,103241,20745,37.566777,8.869431397,373.978801,60.93834243,10.1,0,18.22201322,40,125636,380.2,60.57783271,7.003736412,11.3,588,16.2,12.74223388,13.10582699,6.955552055,87.23255,53468,62.41825731,6.717825034,10310371,24.35939502,13.13882886,3210707,31.14055741,52365,0.507886671,420391,4.077360553,11942,0.115825124,972698,9.434170701,5503895,53.38212369,279457,2.960858003,51.30665036,2415502,24.9338204
15000,Hawaii,0,2018,0,5615.112802,14.04516962,8.236067478,13.05144165,22.3,7.5,20.1,92.76785065,20.30557017,34.95327103,498.3,25.63402334,4.756948238,87.24486,85.12086,225.33228,23.32,81.5439582,68.16851081,3.018617409,11.2,132523,30670,29.17405338,6.489229207,250.0754282,53.23562963,0,0,27.80257606,40.3,13621,276.3,50.62536501,5.713665506,8.8,233.1,12.8,12.08022673,8.052022999,1.628789878,53.06054,74659,49.61673929,1.967139796,1428557,21.56133777,17.07751248,27884,1.951899714,5695,0.398654026,539050,37.73388111,145368,10.17586278,148148,10.37046474,316077,22.12561347,62722,4.744377578,49.76644264,109812,8.072625103
16000,Idaho,0,2018,0,6289.939923,15.29983231,6.594277662,14.48019336,28.6,7.1,20.2,79.5305126,17.36145271,32.38366572,344.5,25.77642576,12.82172465,64.29275,64.87874,191.3091,32.35,78.80641325,64.49945987,3.822852408,16.6,92241,21759,24.95171149,7.444423631,212.3771872,71.2434774,7.2,0,16.09370194,22.1,16889,306.6,49.68560407,5.286315922,8.6,79.2,14,13.53434687,13.18278138,5.927629912,92.6245,51647,46.94504019,1.879472848,1683140,25.97365638,15.14960134,11582,0.688118635,29457,1.750121796,24815,1.474327745,3514,0.208776454,207743,12.34258588,1386279,82.3626674,32166,2.114209094,49.88343216,461212,29.42187394
17000,Illinois,0,2018,0,6273.873267,17.23485454,8.240705217,15.80194909,28,8.7,22.2,91.26556665,21.11437424,33.10442335,540.4,25.50361738,8.199606187,80.661,75.0691,190.10995,54.76,85.61080334,68.23919053,5.87465616,17.8,117619,23684,32.36992269,9.818044253,388.3226784,56.05486475,10.45,0,18.35879911,40.4,138395,324.3,50.97270531,6.409610185,9.3,330.1,11.7,15.44025323,8.134499307,2.887355327,65.21872,60977,49.8807146,6.604488988,12801539,22.85747831,14.61749248,1809534,14.13528483,75564,0.590272779,708794,5.536787413,8276,0.064648477,2181439,17.04044334,7896462,61.68369288,539505,4.472958913,50.85129218,1477079,11.51212972
18000,Indiana,0,2018,0,7794.079431,17.67244714,8.017360345,21.14018267,32,7,26.8,76.57087616,18.59123098,22.39108409,437.9,30.48416361,11.31101561,66.45336,53.98721,142.61909,56.79,87.22475299,62.03320398,4.421256393,19.1,96095,21916,33.68883988,12.31177338,356.1922145,69.85898098,11.1,0,14.0288542,30.5,86559,391.7,59.81468519,7.298608355,11.1,195.7,14.4,19.86439215,11.71055274,6.908753062,73.13374,52289,48.29157764,5.64421661,6633053,23.75153643,14.94881769,619324,9.336937305,26875,0.405167877,149209,2.249476975,4214,0.063530323,449871,6.782261502,5282559,79.63993353,93121,1.509363562,50.70803746,1786702,27.55639361
19000,Iowa,0,2018,0,5880.644136,13.14044947,6.711252164,16.74289571,31.8,8.2,24.7,82.96623342,22.10636869,26.96759259,388.9,22.25253563,5.859812765,73.36985,64.05731,132.26176,48.91,90.41975491,70.01723771,3.669321266,14.6,101229,23834,29.29492605,15.18294926,269.6045441,65.11134349,9.6,0,12.03914854,19.7,33313,313.3,45.64337743,4.912810503,9.5,93.5,12,9.470710094,11.41920526,3.630356446,84.37828,56354,41.41735086,2.116550389,3134693,23.3110866,16.40399873,109571,3.495430015,15924,0.50799233,78735,2.511729219,3592,0.114588574,182606,5.825323245,2702702,86.21903325,45501,1.563758175,50.26246589,1096099,35.98067198
20000,Kansas,0,2018,0,6782.117682,15.00384656,7.038326263,17.22376508,32.4,7,24.6,80.94183276,17.38775729,25.31185031,394.8,30.49842972,10.47579307,75.76484,56.68511,179.96147,51.35,85.52332261,69.13306755,4.170384067,14.3,103095,23557,29.21184492,13.71048148,347.6900829,70.11053649,8.5,0,13.58089065,20.4,32774,345.6,54.31640119,6.159371946,9.9,118.6,13.2,11.16594602,13.65490148,5.119332096,99.19894,54828,49.16592982,4.053953373,2907289,24.59167286,15.03094464,168513,5.796224593,34616,1.190662504,86448,2.973491799,3235,0.111272048,338481,11.64249581,2217600,76.2772466,58955,2.184022462,50.20243946,736157,25.80184206
21000,Kentucky,0,2018,0,9047.062026,21.25393919,8.85971141,24.47088085,33.7,7,28.1,72.4260013,15.77888121,27.63626404,395.2,38.49989148,7.088063714,66.3715,64.0752,190.53526,76.56,89.17117098,60.33861659,5.005118021,24.4,91156,17729,34.58966037,10.69808266,214.6761808,87.95880031,10,0,14.37756832,29,71283,466.5,58.53421436,6.79372441,12.8,179.6,15.8,28.39059523,17.05789176,4.293166778,113.02748,46610,59.42999812,5.09753655,4436974,22.77743796,15.56729879,357930,8.066984391,13297,0.299686228,66230,1.492683978,3675,0.082826719,155520,3.505091533,3770240,84.97322725,41450,1.001821406,50.71972475,1806024,41.61952654
22000,Louisiana,0,2018,0,9440.413939,21.05050125,10.73062974,22.77381619,34.7,5.4,29.6,74.03189061,18.461027,33.93197279,695.2,39.52865965,13.78325468,65.49306,53.16483,236.98829,65.76,80.1824504,56.16555661,6.086338749,28.4,98187,17338,44.27614236,9.660172599,510.0944085,81.14706565,9.5,0,16.50090903,32.4,69412,451,75.30505844,8.099844481,12.1,504.7,16.9,18.81150967,17.08844712,3.811735442,77.30154,45374,61.30984682,12.06952753,4681666,23.79385885,14.40604691,1503229,32.10884758,35976,0.768444396,85006,1.815721156,3079,0.065767186,236152,5.044187262,2760505,58.96415934,61430,1.416608612,51.09924544,1215567,26.81374924
23000,Maine,0,2018,0,6529.168456,15.39032442,6.894270658,19.76057535,29,7.9,21.4,72.83366495,20.50413106,39.15343915,298.1,18.0181133,10.34251603,111.184,59.85825,440.56271,49.44,87.22148684,65.7034968,3.853761236,16.7,97337,21216,32.35574817,11.13344487,126.6180541,75.14601279,7.4,0,15.80679281,31.4,17088,327.7,50.22557878,6.35871623,9.9,128.5,14.8,20.99779097,11.20910089,5.548752052,122.87088,52926,46.01587302,1.891468606,1331479,19.13015526,19.35314038,18966,1.424431028,9329,0.700649428,16517,1.240500226,500,0.037552226,21058,1.58154954,1244762,93.48716728,7408,0.585715901,50.98796151,814819,61.34017786
24000,Maryland,0,2018,0,6517.113804,13.93700793,8.657438055,13.68628614,29.2,9.1,22.2,92.96379421,16.53606648,30.49529267,459.3,20.66900646,7.437642119,87.97281,75.69251,216.00789,46.72,86.96261074,68.77811823,4.286450651,13,145871,32008,34.22209713,8.910493988,465.463774,63.75820827,9.5,0,17.05554538,48.7,66006,326.4,52.91152481,6.653611118,10.4,657.8,11.4,24.43990043,8.61293104,3.722612881,89.05588,78787,45.00446218,7.685718951,6016447,22.41735031,14.5635788,1783045,29.63617896,34380,0.571433605,395887,6.580079572,6460,0.107372341,586801,9.753281297,3099419,51.51577002,175323,3.13505,51.55835329,739221,12.80357395
25000,Massachusetts,0,2018,0,5394.361528,13.76832565,7.579167289,13.61805295,24.3,9.2,21.5,93.75494549,20.12427904,28.75960483,357.3,12.44942832,3.241614252,104.86543,99.00497,541.22425,54.31,87.28766878,72.24314282,3.700203951,13.6,142226,26034,31.09033928,9.382696571,403.3931649,54.62061395,8.6,0,18.37119384,41.9,65135,279.1,34.38083769,4.208808815,9.3,338.4,10.3,25.74735,5.76605919,1.173362349,110.94018,75207,0,2.289339056,6811779,20.23116135,15.7662778,477303,7.007024156,32988,0.484278777,454371,6.670372013,6975,0.102396158,780661,11.46045695,4972277,72.99527774,284404,4.458768184,51.47154657,525640,8.027944161
26000,Michigan,0,2018,0,7293.01286,17.35875219,8.39845125,20.42855668,31.3,7,23.2,85.78780692,20.51313643,28.61589541,469.1,23.83894372,7.220039467,79.73736,72.20773,232.16462,55.42,80.97033375,67.09219592,4.914766484,20.7,100618,21178,34.3247492,9.853288098,443.9139948,68.15539082,8.7,0,16.41221773,32.6,127176,363.6,53.98454916,6.776073868,10.5,174.6,15.1,20.45983178,9.642196584,3.24131566,85.80522,52436,46.15240035,6.323272289,9928300,22.06880332,16.2339474,1374779,13.84707352,72252,0.727737881,306396,3.086087246,3948,0.039765116,492382,4.959378746,7486890,75.40958674,137655,1.474511375,50.79977438,2513683,25.43276566
27000,Minnesota,0,2018,0,5116.673314,12.01674946,6.488105691,15.2037811,27.3,8.9,19.8,88.10531823,22.89942502,29.70195272,389.3,17.02473721,5.177331225,90.02487,69.40278,213.71563,36.6,82.7122122,74.40714554,3.900043517,12.5,118677,27113,28.08354925,12.96999377,231.4677549,61.67700876,9.3,0,14.19231469,30,48644,263.1,43.78944678,4.963590676,8,171.3,9.9,10.74895369,8.036392117,3.045463106,98.04433,65583,38.10544865,2.120531428,5519952,23.3395689,15.07672531,332286,6.019726259,73970,1.340047885,272170,4.930658817,3761,0.06813465,289422,5.243197767,4448493,80.58934208,108599,2.128529059,50.22366137,1417614,26.72764038
28000,Mississippi,0,2018,0,10233.64503,22.21066886,11.62144684,22.74065128,35.3,3.6,34,57.70002127,13.67704493,22.72010098,580.2,42.96047274,14.81815796,53.10238,45.73855,130.89189,70.21,75.73758361,59.09543671,5.830817267,30.2,84128,15771,44.93659885,12.34488274,271.3202319,83.51129479,9.5,0,16.59352477,31.2,49446,497.4,77.03550113,9.092345164,14,374,21.5,11.57642367,23.11327707,4.609976458,92.68163,41793,74.94511498,10.36986986,2988726,24.13362751,15.08806763,1117323,37.38459129,17985,0.601761419,31969,1.06965309,1810,0.060560921,91448,3.059765265,1700036,56.88162782,21593,0.772060375,51.52476339,1503073,50.65461934
29000,Missouri,0,2018,0,7820.763396,18.50005052,8.153093975,22.13770891,31.8,6.7,25.8,77.4370267,19.47279093,30.49951969,477.4,30.0158655,11.51749763,70.53306,55.35861,169.99836,56.58,89.6897272,65.67478287,4.52565864,19.2,97071,21070,33.58161043,11.56209605,442.4110032,79.24063614,9.5,0,14.64067456,30.9,81491,390.4,57.64416383,6.539524134,11.3,234,15.6,19.21025143,13.83254186,6.129157757,78.8774,51713,50.11690211,7.540295374,6093000,22.76157886,16.05155096,707944,11.61897259,33877,0.555998687,121812,1.999212211,9117,0.149630724,250476,4.110881339,4857925,79.72960775,54588,0.960102828,50.89389463,1770556,29.56382671
30000,Montana,0,2018,0,7370.403256,13.94898562,7.388990462,18.52979131,25,7,20.8,76.26728926,20.71290041,47.88461539,408.8,28.09741543,14.16424527,76.48006,70.59817,264.35944,41.07,85.30780115,67.69202507,4.146981328,16.1,94321,20911,28.46267834,13.90194482,283.059314,91.3396495,6.2,0,15.2123003,15.3,12891,345.4,59.35533024,5.818504714,8.1,66.1,13,12.32636603,19.20650269,8.121901554,103.69106,50265,46.20992702,3.081482849,1042520,21.83277059,17.74929977,5410,0.518934889,69073,6.625580325,8486,0.81398918,931,0.089302843,37840,3.629666577,901301,86.45407282,2664,0.276809131,49.66283621,436401,44.1069723
31000,Nebraska,0,2018,0,6017.115916,14.19666273,6.801417552,16.99046395,30.7,8.1,22.7,83.26079303,21.13559461,36.78057554,422.9,24.75552135,9.400270782,74.67606,73.61901,237.42656,48.26,87.40495415,70.86905173,3.212300863,13.9,102842,24090,28.7907591,13.88046557,267.3424738,57.95607327,8.2,0,13.10804067,17.9,19065,309,50.83699674,5.435527087,9,131.6,12.3,6.526164731,11.89799655,5.491064689,101.19993,56979,44.16950397,3.517402579,1907116,24.81888884,15.03547765,89218,4.678163258,27318,1.432424666,47282,2.479240906,2425,0.127155349,203320,10.66112392,1517526,79.57177225,48765,2.785490658,50.15138041,490655,26.86546488
32000,Nevada,0,2018,0,7100.746822,20.52351514,8.251917513,16.4775461,26.8,7.7,22.2,91.79082343,17.62246305,32.20108696,455.3,31.27446427,14.0643142,56.69623,61.25729,186.697,42.22,72.72188026,57.18672302,5.68315193,19.9,101472,23694,36.87333848,4.18216819,615.5338366,71.44630918,5.9,0,21.25680942,28.9,36185,363.4,50.08570345,5.380464348,9.2,371,13.7,21.09572754,10.59413605,8.084241486,61.49539,55201,58.84947394,5.778156857,2940058,23.04128014,15.00453392,254282,8.648876995,48305,1.642994798,254432,8.653978935,22654,0.770529017,836626,28.45610529,1468421,49.9453072,164962,6.204536599,49.86503668,156754,5.804519152
33000,New Hampshire,0,2018,0,5867.257273,13.57849789,6.898052193,18.00979493,27.9,9.1,20.6,82.41023343,20.08400378,31.80272109,233.3,12.49131654,7.77748467,91.08618,71.99607,270.8281,47.12,88.47527695,69.36938372,2.82526858,8.5,126672,30198,28.15764212,10.36368337,199.7486773,74.4380268,7.75,0,15.97829016,38.3,14840,301.8,35.37661512,4.301027094,9.3,107.6,9.7,30.98529739,8.672150328,2.758261869,115.22369,70986,28.32318669,1.402213361,1334795,19.52269824,16.99167288,16676,1.249330422,3926,0.294127563,35776,2.680261763,670,0.050194974,47118,3.529980259,1212634,90.84795793,12033,0.95286211,50.48977558,522598,39.69691676
34000,New Jersey,0,2018,0,5469.351549,16.54854647,8.204574757,13.97079235,25.9,9.2,23.3,95.0107565,17.14463847,23.27132327,350.6,15.2702418,9.968060435,84.43837,84.242,187.26657,49.64,90.05041448,67.55560638,4.958335728,14.5,148712,28548,29.59334318,8.324390688,279.929252,49.59803909,9.8,0,22.78547907,41.8,86784,283.4,35.8079571,4.580505161,9.2,473.7,10.8,17.74546726,6.592986056,3.913404497,47.6831,76212,37.58417262,4.416754189,8944469,22.189713,15.34593054,1156657,12.93153344,53976,0.603456728,877077,9.805802893,9295,0.103918969,1786668,19.97511535,4990905,55.7987847,525858,6.269957352,51.16821356,467768,5.320446311
35000,New Mexico,0,2018,0,8360.868088,20.83094372,8.814563333,16.6211912,24.4,4.2,19.4,77.47165254,16.6121556,31.36698809,605.7,42.29861081,13.13858704,75.48766,64.77608,368.57014,39.48,69.87464969,59.81449985,6.733638214,27.8,94369,17985,40.00016084,8.085908219,589.8123153,99.25621642,6.4,0,18.22907472,25.3,26636,384.5,52.72750944,5.560476073,8.4,186.5,16,24.76128078,16.63699975,5.141681061,82.79614,46844,71.70546697,7.044804683,2081015,23.57806167,16.45475886,37585,1.806089817,219953,10.56950575,35287,1.695662934,3293,0.15824009,1009873,48.52790585,792167,38.06637626,89310,4.582585048,50.47306242,464818,22.5729769
36000,New York,0,2018,0,5312.401724,16.10511886,7.975104901,14.1755717,25,9.1,25.4,93.33737639,18.75191553,22.18839542,524.7,17.97117585,8.231082007,83.18435,80.64202,254.25812,46.85,79.33162189,67.31894155,4.832104225,20.8,126934,22304,34.70785219,7.912793179,394.080717,45.60003561,8.6,0,24.35314856,36.8,186651,278.1,40.25442553,4.864861288,9.5,768.8,12.6,14.66081096,6.193575901,2.649293817,98.58048,62700,49.50649659,3.678140996,19745289,21.17243764,15.35813935,2876219,14.56660877,191449,0.969593304,1750857,8.867213845,26489,0.134153519,3747125,18.9773115,11009263,55.75640346,1326595,7.160436373,51.4447978,2349997,12.12707519
37000,North Carolina,0,2018,0,7281.127248,17.56597007,8.986501223,17.87985476,29.6,6.4,24.3,76.12388381,16.69451425,31.40853477,647.4,29.20252403,12.9896969,70.56796,54.68726,215.51648,48.99,86.10627397,65.68133816,5.053149161,21.7,96815,20356,35.74271562,11.45098748,341.6283124,67.96600461,9.05,0,16.55157027,31.3,127164,367.5,57.91032565,7.152761538,11.1,354.9,16.5,16.19789023,13.67997372,4.612122238,102.54477,50595,57.3541912,5.862845881,10146788,22.65465682,15.46760413,2172581,21.41151466,158476,1.561834149,296542,2.9225209,12623,0.1244039,932221,9.187350716,6447335,63.54064951,243325,2.606624968,51.38410303,3233727,33.91256636
38000,North Dakota,0,2018,0,6642.92735,14.31116692,6.41142717,19.77365304,31.8,9.1,23.8,74.61131654,25.8830243,48.06312769,427.2,24.82483469,8.687938484,75.04026,64.38402,164.9181,49.06,84.99674894,73.22834232,3.161953728,11.9,111143,25585,27.5397056,15.68182929,260.1614888,68.09191974,7.5,0,11.0691523,13.7,7426,317.5,59.87215534,6.560768588,8.4,53.4,7.7,8.028882686,15.71344712,7.906314555,119.4007,61898,31.06961734,2.264643453,757952,23.26149941,14.51266043,21390,2.822078443,41596,5.487946466,11561,1.525294478,566,0.074674914,27538,3.633211602,644127,84.98255826,4216,0.615705455,48.68091911,269719,40.10148813
39000,Ohio,0,2018,0,7734.003484,17.04210323,8.560108757,22.5063684,31.6,6.6,25.7,84.660847,19.06918166,34.34117208,489.3,27.62667933,7.719160961,76.52352,60.39069,178.31354,56.98,81.23223458,64.51312477,4.941298873,20.4,99934,20924,35.70374247,11.25938494,290.2573716,75.4578353,11.3,0,14.95892245,30,157622,391.1,56.99614096,7.475804869,11.5,212.5,16,29.81739195,10.00636312,4.50957925,76.26757,52357,44.87909532,5.36791331,11614373,22.4908568,16.24391605,1446989,12.45860625,32364,0.278654732,255464,2.199550505,6639,0.057161932,424625,3.656030334,9230244,79.47259831,109977,1.009780669,50.9943929,2546810,22.07609862
40000,Oklahoma,0,2018,0,9312.240928,19.62213118,8.073843296,19.59327492,33.2,5.9,29.9,73.78419135,12.81521082,28.3392435,542.2,42.16426091,16.1204474,62.99635,58.69668,378.78855,59.95,82.73065486,59.41646459,4.870535976,22.5,94345,20376,34.24545393,11.54847778,438.6474429,92.28345589,9.2,0,14.52298611,25.7,58956,459.4,69.27086399,7.494620468,11.7,179.9,16.2,19.76444875,17.85210368,7.649282362,76.61408,49204,62.23939593,6.97591567,3923561,24.50906205,15.04087741,291231,7.422619401,360158,9.179365378,88156,2.246836484,7102,0.181009038,403938,10.29518848,2596769,66.1839844,76034,2.106338602,50.45564476,1266322,33.75642535
41000,Oregon,0,2018,0,6016.41485,15.8221906,6.289953835,16.21088514,27.2,7.6,15.8,77.48949772,18.53224452,31.7761807,410.7,22.19799575,8.425091844,93.47286,78.61311,441.72846,33.91,74.66671891,68.41198828,4.880298961,17.2,104157,22470,30.7532109,10.24081299,244.5918555,70.75559659,7,0,20.48897235,27.6,45343,309.9,42.35307905,4.895100546,9.3,193.7,14.2,12.67708956,9.676006891,4.068218016,74.58229,57379,51.4270007,2.827146046,4093465,21.22228967,16.82872579,76067,1.858254559,73274,1.790023855,183054,4.471859415,18249,0.445808136,522571,12.76598188,3126217,76.37092292,117303,3.127858131,50.48180454,726692,18.9683624
42000,Pennsylvania,0,2018,0,6899.655736,15.0615532,8.181901021,17.95561317,29.6,8.2,24,67.76381023,20.52110826,30.09995084,418.1,21.4497447,7.637604369,81.19506,67.50506,178.99401,51.71,85.39215873,63.62477542,5.438229566,18.4,108554,22675,33.79988554,12.13434592,332.7267073,75.63766995,10.4,0,15.45594914,35.9,158580,349.1,49.58439908,6.510285445,10.6,314.4,13.1,27.68285007,10.19399352,4.247723651,97.3387,56897,48.16138322,5.203871981,12784227,20.92269638,17.39425466,1374842,10.75420516,46770,0.365841439,442652,3.462485452,9265,0.072472117,900814,7.046292279,9848778,77.03851003,239609,1.985263699,51.02407052,2711092,21.34318304
44000,Rhode Island,0,2018,0,5920.156559,14.84005963,7.528358912,14.4304,27.2,8.3,24.1,90.97710645,17.42316951,39.13043478,433.6,17.83521542,6.667174071,95.8063,63.23207,370.2105,54.01,83.06798165,66.1976693,5.325413784,18.7,116854,21962,37.83043022,10.04451395,242.9223409,72.03446117,7.6,0,19.50094001,32,11140,301.7,40.7674201,6.039136743,9.3,259.5,12.5,27.87338098,6.401242058,3.358505474,90.58846,60046,46.99594807,2.5089614,1056426,19.72509196,16.46722061,61242,5.797093218,10576,1.001111294,37629,3.561915364,1970,0.186477804,157352,14.8947489,774832,73.34465452,45083,4.509544634,51.43237671,97524,9.265348429
45000,South Carolina,0,2018,0,8344.220366,19.06772529,9.649961863,20.0130001,32,6,24.8,54.18155198,18.47273192,36.78884641,569.9,32.66104742,13.0159498,67.42038,52.87114,156.53727,45.55,80.29638884,61.91637374,4.833724575,23,93607,19515,39.35158849,11.80111868,521.4344468,77.18191462,9.7,0,15.8875434,33.4,71553,409.4,59.64965874,7.023396582,12.5,394.6,15.3,15.93628536,18.02769978,4.44147257,74.2776,49587,60.025829,7.706110157,4961119,22.12446426,16.73477294,1337701,26.96369509,26923,0.542679988,79941,1.611350181,4698,0.094696378,274596,5.534960963,3169878,63.89441576,64790,1.426116846,51.46389353,1557555,33.67421461
46000,South Dakota,0,2018,0,6987.877069,11.78127035,6.424850927,18.10811899,30.6,6.6,21.5,72.3181606,20.18982465,37.1559633,462.9,29.92754816,11.76132033,77.347,58.35088,163.96019,50.46,83.60758598,67.93317294,2.819854637,16.6,96468,23367,31.69020903,16.471183,321.6394367,76.46882298,7.65,0,12.02231733,14.3,9247,328.4,65.48221363,6.670306454,9.2,73.3,12.1,7.644257223,15.55927447,7.031343932,124.78999,54926,41.64903124,3.037197525,865454,24.64452184,16.03840297,16533,1.910326834,77711,8.979217844,12767,1.475179501,656,0.075798367,32169,3.717008645,713665,82.46134399,8085,1.022170415,49.5903884,352933,43.34827679
47000,Tennessee,0,2018,0,8760.437107,19.09359684,9.111979139,22.08780772,32.4,6.2,30.1,71.21634451,14.44362912,27.53215434,477.5,35.58887139,12.03169951,72.36036,52.81758,134.75776,59.34,88.22801985,59.48442165,4.811390507,22.6,93197,19641,35.68919307,11.32675959,614.114564,82.52051884,9.7,0,15.5052566,33.9,101247,441.4,60.5128152,7.309278554,12.8,297.4,15.4,21.99906115,15.21673831,4.185870954,117.7984,48506,58.81044614,6.909506822,6651194,22.57932937,15.74231634,1116193,16.78184398,29866,0.449032159,120219,1.80747998,6432,0.096704441,348725,5.24304358,4937280,74.23148385,89254,1.452264773,51.2491291,2132860,33.60896172
48000,Texas,0,2018,0,6674.727141,18.17376592,8.33001999,14.26313588,28.4,6,24.3,80.60695087,19.40866264,28.33644226,523.6,41.01181493,19.16116788,59.87452,55.85266,98.78118,53.24,89,60.38711144,4.613120811,22.4,111803,22757,33.32396937,7.644221798,407.589043,54.84284764,8,0,18.34143592,36.9,283245,341.3,51.52463592,5.818736287,9.7,368.9,15.7,9.746177931,13.15994296,10.00124151,66.81,56583,58.93894044,5.261391206,27862596,26.18057198,12.03491591,3298870,11.83977975,283393,1.017109102,1350474,4.846906584,39079,0.140256134,10881124,39.05280039,11872926,42.61241846,1933311,7.737654773,50.35842317,3847522,15.30099885
49000,Utah,0,2018,0,5949.884882,12.11738118,6.991208994,8.78225641,25.3,7.8,17.4,87.66620174,13.39648046,19.48881789,293.3,20.97348686,11.59731292,57.41143,67.18631,284.44388,27.9,84.81271715,69.89344148,3.424619922,11,111560,29154,18.3683873,3.474726787,215.1956401,66.46459423,6.1,0,15.63610598,23.8,23480,292.4,48.41851645,5.138181482,7,116.4,13.1,20.95652988,8.461525444,7.240292918,76.42852,65931,36.41005614,1.98255509,3051217,30.21001128,10.52576726,32435,1.063018461,47514,1.557214711,77033,2.524664749,31502,1.032440498,420440,13.77941982,2404802,78.81451893,66124,2.454069698,49.662905,260290,9.417540889
50000,Vermont,0,2018,0,5731.665141,12.50732025,6.595785167,17.01971824,24.7,9,19.5,78.53696657,20.64737355,35.27508091,303.4,14.58822292,4.688483958,112.45252,68.20431,408.26521,39.4,87.97030995,67.01645002,3.262498949,13.5,105188,23701,31.29672897,13.32178991,121.0087468,76.9368648,7.5,0,17.25753158,30.1,6985,291.2,40.18743086,4.357298475,7.9,123.7,11.9,16.35416189,9.721563912,1.33181587,101.50594,57661,38.36757489,1.734363515,624594,18.97680733,18.08086533,7558,1.210066059,2426,0.388412313,11079,1.773792255,260,0.041627041,11651,1.865371746,581225,93.05644947,3253,0.545906124,50.61335844,382356,61.10451449
51000,Virginia,0,2018,0,6122.029245,15.91690416,8.01846277,15.29677425,28.3,8.9,22.3,83.17221646,17.35946048,30.85989821,424.5,20.86674948,10.35797799,75.96332,66.94161,146.1517,42.78,85.8640533,69.9243608,4.012601594,14.3,132843,27492,30.03687639,11.24419405,194.2027714,57.54995951,8.7,0,15.41895842,39,89958,316.7,49.38324462,6.30408362,9.7,307.7,11.2,13.62998182,9.28986548,4.974965268,77.02268,68127,41.22300398,4.370069257,8411808,22.23211704,14.60737097,1605040,19.0807969,45510,0.541025188,555515,6.603990486,9407,0.111830893,766004,9.10629439,5252972,62.44759747,201628,2.584959777,50.82134542,1963930,24.54598311
53000,Washington,0,2018,0,5566.578573,13.90196499,6.330946251,13.94537086,27,8,17.1,87.51419428,18.17591265,34.11716172,406.4,21.39279064,7.632732818,83.17584,79.74753,298.54555,32.69,81.36177279,69.2621137,5.433815831,13.9,121539,26817,28.53616396,8.959115112,289.895608,62.47545269,7,0,18.05628271,34.9,70721,286.7,40.55991314,4.596269082,8.5,208.3,12.8,14.75379906,7.692641362,2.945182015,80.48847,67064,45.36407175,2.901341497,7288000,22.35864435,14.83346597,276029,3.787445115,138489,1.90023326,625138,8.577634468,54702,0.75057629,907000,12.44511526,5062580,69.46459934,250273,3.777133817,50.03567508,1072671,15.95158925
54000,West Virginia,0,2018,0,9783.568905,24.09818846,9.382641233,24.80541137,35.5,7,29.2,63.42546171,11.8329195,31.68918919,268,38.74295996,7.298546242,78.57372,52.15439,112.33672,75,86.51042939,54.47478742,6.004457106,23.9,85968,17650,33.91083267,12.98716792,306.2026679,107.3168059,9.5,0,11.42774395,32.7,32975,480.3,64.22730399,7.201696838,13.9,113.3,14.9,40.46651595,16.37098585,3.014081169,125.60742,43175,49.44295266,4.952242535,1831102,20.48318444,18.76012369,64166,3.504228601,4503,0.245917486,15385,0.840204423,591,0.032275646,28295,1.545244339,1689821,92.28437302,6001,0.344057737,50.52471135,950184,51.27830959
55000,Wisconsin,0,2018,0,6008.470718,15.37680538,7.195563334,17.05671784,30.6,8.8,21.1,86.27603444,26.22237368,35.74198097,423.5,20.09049419,6.630140505,80.20672,65.9663,178.41358,45,88.38570312,68.2062087,4.140744482,15.7,102440,23940,31.52729543,11.6333529,282.9274947,73.25365782,9.3,0,15.43900578,26.5,60712,303.1,48.3595888,5.950182263,8.9,122,11,16.20674468,10.03846302,3.71310008,94.83089,56808,39.89325183,3.278119464,5778708,22.2834066,16.06618642,364344,6.304938751,65597,1.135149933,163622,2.831463365,3050,0.052779964,387666,6.708523774,4719824,81.67611168,80572,1.48808408,50.27563255,1697348,29.84617863
56000,Wyoming,0,2018,0,7431.468184,15.1279864,8.649852752,18.94626493,28.5,7.1,23.7,73.68024186,19.87127059,34.68395462,348.7,32.02442379,13.35599885,66.71137,64.21851,299.23092,43.14,79.31719569,66.50608736,5.278912465,11.6,108921,25719,28.02728035,13.30815022,200.6627953,90.12529371,6.5,0,11.88169301,14.9,6911,351.4,52.54623527,5.634386719,8.5,59.7,12.3,17.31442947,18.43516124,7.991222905,90.69156,61686,37.46580623,3.113713561,585501,23.72344368,14.99775406,6717,1.147222635,15762,2.692053472,5856,1.000169086,673,0.114944296,58413,9.976584156,492245,84.07244394,5340,0.979705061,48.94252956,198633,35.24198671
