FIPS,State,County,Premature_Deaths,Yrs_Potential_Life_Lost_per100K(YPLL),%_Fair/Poor_Health,%_Low_Birthweight_Births,%_Adult_Smokers,%_Adult_Obesity,"Healthy_Food_Access(0=Worst,10=Best)",%_Adults_Physical_Inactivity,%_Access_to_Excercise_Opportunities,%_Adults_Excessive_Drinking,%_Driving_Deaths_with_Alcohol_Involvement,Chlamydia_Cases_per_100K,Teen_Birth_Rate,%_Ppl_Under65_w/o_Insurance,PCP_per_100K,Dentists_per_100K,MHP_per_100K,Preventable_Hospitalization_Rate(per100K_Medicare_Enrollees),Graduation_Rate,%_Adults(25-44)_with_Some_Post-secondary_Ed,%_Ppl(16+)_Unemployed_&_Looking_for_Work,%_Children(under18)_Living_in_Poverty,80th_Percentile_MHI,20th_Percentile_MHI,%_Children_Living_in_Single_Parent_Household,Associations_per_10K,Annual_Avg_Violent_Crimes,Violent_Crimes_per_100K,Injury_Death_Rate_per_100K,Avg_Daily_Particulate_Matter_in_Micrograms_per_Cubic_Meter,"County_Affected_by_Water_Violation(1=Yes,0=No)","%_Households_with_One_or_More Problems(overcrowding,high-housing-cost,lack-kitchen,lack-plumbing-facilities)",%_Lone_Commuters_who_Commute_More_Than_30Min,Premature(under75)_Age_Adjusted_Mortality_per_100K,Child(under18)_Mortality_per_100K,Infant(within1yr)_Mortality_per_1K_live_births,%_Adults(20+)_Diagnosed_Diabetes,#_Ppl(Age13+)_diagnosed_HIV_per_100K,%_Pop_w/o_Adequate_Access_to_Food,Drug_Overdose_Deaths_per_100K,Motor_Vehicle_Deaths_per_100K,%_Children(under19)_w/o_Health_Insurance,Other_Primary_Care_Providers(non_physician)_per_100K,Median_Household_Income,%_Children_Enrolled_in_Free/Reduced_Lunch,#_Deaths_due_to_Homicide_per_100K,Resident_Population,%_under_18_years_of_age,%_Age_65_and_over,#_Non-Hispanic_Black_or_African_American,%_Non-Hispanic_Black_or_African_American,#_American_Indian_or_Alaskan_Native,%_American_Indian_or_Alaskan_Native,#_Asian,%_Asian,#_Native_Hawaiian/Other_Pacific_Islander,%_Native_Hawaiian/Other_Pacific_Islander,#_Hispanic,%_Hispanic,#_Non-Hispanic_White,%_Non-Hispanic_White,#_Not_Proficient_in_English,%_Not_Proficient_in_English,%_Female,#_Pop_Living_in_Rural_Area,%_Rural,Year
1000,Alabama,0,81791,9942.794667,22.02870285,10.2548706,20.92735311,35.5,5.8,29.8,61.11228737,13.90351529,27.58917061,614.1,30.89461645,11.04478259,64.82388,48.18049,101.23017,5805,89.3,60.41190154,3.933566911,23.9,99688,18948,37.34273923,12.37192412,23306.5,479.9191819,82.25024507,11,0,14.34070208,34.3,474.782349,69.4996753,8.365563603,14.2,309.9,16.3,16.17676238,19.64988604,3.032001518,86.02928,49881,55.87415303,9.926443407,4887871,22.29682412,16.91726316,1295175,26.49773286,34375,0.703271424,73167,1.496909391,5207,0.106528998,217181,4.443263744,3197324,65.41342846,48517,1.061047926,51.63303205,1957932,40.9631829,2020
2000,Alaska,0,8336,8048.675016,18.08017613,5.861343446,21.00785366,32.5,6.3,20,100,21.29393789,38.05774278,802.1,27.10852815,14.75762792,90.97115,99.94061,432.71434,2904,78.51122169,65.03281281,6.587537757,14.5,140179,34114,29.64141782,11.35449685,5325,720.2632714,93.22492462,0,0,20.51671429,16.1,355.8035858,67.75898278,5.812836895,7.9,114.3,13.6,17.34916478,9.591402383,9.101734213,151.60597,74912,44.5527782,7.111201363,737438,24.92629889,11.79909362,24861,3.371266466,113516,15.39329408,49025,6.648016511,10221,1.386014824,53288,7.226099008,444411,60.26418492,11721,1.712905319,47.85012435,241338,33.98021207,2020
4000,Arizona,0,80394,7074.5178,18.55504464,7.194695012,15.55500301,27.5,6.6,21.8,85.14450134,16.70870284,25.42116631,564.4,27.3501953,12.10220861,66.45981,61.5061,133.35851,3096,78.04178055,63.51478681,4.831880615,20.4,110536,24117,35.53629878,5.663978154,29749.5,435.4895552,82.88700538,5.8,0,18.45691162,35.5,332.4968477,49.0621759,5.552345091,9.7,273.1,14,21.70558654,12.95487951,7.691470587,97.3835,59079,55.08831397,5.658357052,7171646,22.90488125,17.54478679,313875,4.376610335,380160,5.300875141,263696,3.676924377,19789,0.275933865,2266343,31.60143432,3902867,54.42079824,316488,4.861131484,50.28562481,651358,10.19017941,2020
5000,Arkansas,0,48017,9449.42482,23.19868077,8.991426544,22.28625875,34.2,5.2,31.6,63.52819249,15.80533385,26.31578947,576.5,37.76539763,9.303267799,66.57171,46.38624,226.29051,5129,88,58.36982176,3.702410214,23.8,92621,19400,36.09561833,12.14268049,15352,515.6334992,81.90128704,10,0,14.3230718,26.6,460.3091307,68.28485818,7.696351513,13.4,222.3,17.3,14.3343276,18.51920299,4.338232761,84.80917,47094,35.33952925,7.962825828,3013825,23.33181256,16.98263834,464640,15.41695354,30225,1.002878402,50301,1.669008652,10881,0.361036225,233187,7.7372442,2176611,72.2208821,44593,1.592402405,50.88822344,1278329,43.83967588,2020
6000,California,0,347916,5259.870068,17.2182085,6.817937716,11.33626274,23.6,8.9,17.6,93.07005141,19.2207998,29.62921285,553.4,19.4895356,8.2071999,79.27581,84.57659,353.25692,3598,83,64.99325423,4.203526593,17.4,147074,27973,31.12598103,5.879607462,164252.5,420.8768822,50.1765152,9.5,0,26.86207996,41.2,269.5745254,36.79971277,4.272680333,8.6,385.1,11,12.56509482,9.253846838,3.133188756,62.88387,75250,60.14702591,4.91812326,39557045,22.72655857,14.33126514,2223274,5.620424883,651076,1.645916676,6063600,15.32874865,199872,0.505275356,15540142,39.28539657,14568608,36.82936377,3597443,9.810829751,50.29058161,1880350,5.047383424,2020
8000,Colorado,0,52817,5944.206219,14.47401704,8.975466066,14.62950476,21.8,8.4,15.5,90.46113932,20.46852033,34.07458091,481.4,19.44366533,8.667530638,82.00238,79.62337,355.62764,2833,80.74863877,71.73302119,3.281526332,12.1,132184,30158,27.04084085,8.751320189,17768.5,326.1349081,78.01645831,5.05,0,16.52966078,35.5,282.0044865,44.35631319,4.626141015,6.3,264.2,10.6,17.52629523,10.43775274,4.517665874,108.57573,71949,41.68891819,3.930556461,5695564,22.21439352,14.19049984,229085,4.02216532,91120,1.599841561,197634,3.469963642,10933,0.191956407,1235117,21.68559602,3868329,67.91827816,157143,3.024340918,49.64733958,696435,13.84783969,2020
9000,Connecticut,0,35163,5673.931967,13.80070984,7.818107065,12.73098058,25.8,8.5,20.4,94.01927256,17.11073048,31.99713672,494.7,10.92910893,6.271727568,83.18971,85.00657,393.23586,4117,87.97176025,68.90460057,4.106569367,13.8,153834,30330,31.96532791,9.489479915,8322.5,232.0465727,68.14556585,8,0,18.14182319,33.7,275.7345356,35.07575161,4.78012978,8.9,335.1,11.3,28.98307498,7.880916995,2.910454756,124.64085,76366,36.26676416,3.002633357,3572665,20.5782798,17.21742733,364858,10.21248844,19943,0.558210747,173799,4.864687845,3840,0.10748279,589809,16.50893661,2376351,66.51480058,128979,3.797385619,51.20183393,429155,12.00736857,2020
10000,Delaware,0,12674,7777.261596,17.99469167,8.724551212,17.03005972,30.9,8.1,27.7,86.47016373,16.8261389,30.29801325,560.5,20.44904711,6.079223296,71.83408,46.52745,262.20803,5045,86.9,61.74576071,3.757371001,17.6,124979,28421,36.91552082,10.31250422,4710,499.0255229,76.48985675,9.3,0,14.83551214,34.4,358.6843115,57.5444439,7.102696947,11.5,395.7,12.2,35.43693111,12.47433225,2.870894918,124.69357,65467,0,6.312859886,967171,21.05274042,18.7232661,211504,21.86831491,6458,0.6677206,39584,4.092761259,1049,0.108460655,91974,9.509590341,599061,61.93951225,17951,2.006503167,51.61900016,149985,16.70334345,2020
12000,Florida,0,263456,7259.686771,17.47746618,8.650626483,16.09237241,26.6,6.9,25.9,88.73996546,17.12921818,23.33580131,476.6,21.39904632,15.95432972,72.51101,59.03943,160.78913,5086,82.3,62.78249908,3.567241166,20,106836,22927,37.77427905,7.094794228,98110.5,484.427687,78.93986161,8.2,0,20.07308008,41.5,339.1775617,52.95840263,6.127175977,10.6,610.8,13.4,23.07612909,13.83276221,7.225790872,110.34152,55433,57.29100585,5.949363016,21299325,19.8554696,20.46107564,3309386,15.53751586,106984,0.502288218,631737,2.965995401,24353,0.114336957,5562417,26.11546141,11399170,53.51892607,1271573,6.527341214,51.11686873,1661466,8.836969339,2020
13000,Georgia,0,131683,7702.898317,18.02498177,9.636901938,17.45379888,32,6,27.5,75.49383736,14.39644718,21.51195108,624.2,26.25204119,15.53021371,65.44973,51.02916,137.75402,4930,83.07084202,63.13372142,3.940248328,21,112387,22825,37.02371025,8.99861823,39543.5,387.5348312,64.92742454,10.9,0,16.94213675,41.6,381.2618562,59.98307122,7.138444116,11.8,602.4,14.4,13.86790619,13.5149994,7.452609222,105.85129,58634,60.89302274,7.077153706,10519475,23.8201146,13.88290766,3313815,31.50171468,54882,0.521718052,453488,4.310937571,12432,0.118180803,1026737,9.760344504,5511319,52.39157848,270040,2.800758458,51.37194584,2415502,24.9338204,2020
15000,Hawaii,0,14148,5794.414894,14.16327351,8.275109513,12.79333997,23.7,7.7,20.5,92.53746046,21.12971317,31.20300752,479.8,21.8443974,4.632137117,87.56334,87.08257,249.2096,2202,83,68.6093469,2.446757571,11.8,145096,32967,29.02501434,6.570753283,4048.5,284.2929963,57.4234506,0,0,27.07342433,41.4,278.9982176,50.73260983,5.667643757,10.3,218.4,11.3,14.19356468,7.859641316,2.364063214,61.73922,80527,47.12475876,2.277280689,1420491,21.35979742,18.37160531,27934,1.966503132,5629,0.39627143,534651,37.63846445,144806,10.19408078,151357,10.65525934,309043,21.75606885,63621,4.777639018,49.94674377,109812,8.072625103,2020
16000,Idaho,0,18014,6310.242735,14.56711504,6.785111599,14.3493365,29.3,7.3,20.8,78.89781842,16.58556603,30.23872679,361.1,21.94092617,11.80736053,65.93113,65.1006,208.47015,2652,80.6485493,64.5448406,2.83774418,14.2,101249,23712,24.42740728,7.408516183,3672,221.3645752,74.84883673,7.4,0,15.12149705,22.9,308.3912576,48.16063845,5.241236122,8.9,80.7,12.3,14.14355534,13.64625425,4.242587707,108.25398,55524,43.98342178,2.15422001,1754208,25.47998869,15.86368321,13050,0.743925464,30449,1.735769076,27819,1.585843868,3883,0.221353454,222908,12.707045,1433895,81.74030674,32352,2.055863934,49.88752759,461212,29.42187394,2020
17000,Illinois,0,143465,6683.437224,17.19867644,8.312568644,15.45940345,29.7,8.6,22.3,90.7993932,21.44461807,31.94688537,589.9,21.27818952,7.888526327,79.99517,77.91333,229.60377,5092,85.4,69.16604932,4.302498283,16.2,127239,25553,32.46283918,9.942959796,51758.5,403.070323,62.29673842,11.5,0,17.31993649,41.3,329.1096032,51.65288812,6.276999583,9.9,332.3,10.9,20.63130489,8.526021512,2.941711819,82.38705,65063,49.38755923,7.188126231,12741080,22.42561855,15.64200994,1791197,14.05843932,75567,0.593097289,748722,5.876440616,8445,0.066281665,2214142,17.37797738,7773275,61.0095455,512830,4.257779874,50.86051575,1477079,11.51212972,2020
18000,Indiana,0,90977,8305.9418,19.78454618,8.043442715,21.77782905,33.4,7.1,26.7,75.23554853,17.61904551,19.66386555,514.2,26.50068954,9.608093999,66.1935,56.27718,160.47812,5006,83.8,62.72650696,3.434405145,17.5,103675,23723,33.89833566,12.32372025,25472,385.0669256,77.06510821,11.75,0,13.20276232,31.1,401.1392722,60.74854597,7.146409012,11.9,199.5,13.3,25.04533245,12.16196726,6.312638003,92.61974,55725,49.69470506,6.250469595,6691878,23.43333217,15.76569388,635087,9.490415097,27740,0.414532363,165368,2.471174758,4542,0.067873324,475237,7.101698507,5276640,78.85140763,92192,1.482394555,50.68197597,1786702,27.55639361,2020
19000,Iowa,0,34968,6244.279418,14.49252718,6.706229494,17.08001743,33.2,8.2,23.7,82.94880275,22.10570701,26.89125296,441.6,18.99871314,5.477981637,72.8929,66.69529,156.13985,3808,91.40763703,70.48185207,2.523641727,13.5,108481,25587,29.17990332,15.24297687,8803.5,282.0812331,67.41311705,9,0,12.10406876,20.2,319.3106843,47.60045458,5.00586106,9.7,98.1,10.9,9.982462869,11.1212002,2.942560675,100.97762,60071,40.1793134,2.455091971,3156145,23.15378413,17.10409376,119189,3.77641078,16681,0.528524513,85708,2.715591331,4232,0.134087629,194432,6.160426723,2691471,85.27716566,48024,1.636213663,50.23020172,1096099,35.98067198,2020
20000,Kansas,0,34357,7023.888103,16.0683622,7.095997436,17.38427352,33.2,6.8,24.8,80.12276394,18.67714248,21.87807276,465.3,25.70045263,10.1328187,77.2367,58.42339,197.38932,4024,87.3,69.87477014,3.362168303,14.8,110359,25384,28.52320723,13.710372,10591.5,364.5133369,74.41100681,8.1,0,13.09886545,20.9,351.18288,53.66267941,6.14343538,10.1,122.4,12.7,11.3491688,13.50883272,5.152260405,117.43068,58150,47.56692087,4.604613045,2911505,24.24728792,15.87635948,167341,5.747577284,34817,1.195842013,91229,3.133396645,3619,0.124299975,351180,12.06180309,2202954,75.66375466,60693,2.235820427,50.18363355,736157,25.80184206,2020
21000,Kentucky,0,74299,9717.810869,23.86752536,8.794159756,24.59343153,33.8,7,28.6,71.08850208,17.25353786,26.08004241,433.7,33.65149504,6.368923254,65.64607,64.81064,225.85255,5949,89.7,61.70676884,4.332443585,22.3,98222,19325,33.97946553,10.69105959,9824,222.0004879,93.27819472,10.7,0,13.90571029,30,475.3271987,58.19385283,6.694041103,12.6,184.3,14.9,32.18667674,17.00468111,3.687692655,136.69316,50189,59.67761361,5.640246422,4468402,22.57695257,16.35094604,365332,8.175898229,13412,0.300152045,72806,1.629352059,4058,0.090815464,171933,3.847751389,3766333,84.28814149,42673,1.02437392,50.73158145,1806024,41.61952654,2020
22000,Louisiana,0,71605,9535.216199,21.96667486,10.69951624,23.05077764,35.4,5.2,29.2,75.02622772,19.5900451,33.06047003,742,34.23726125,9.634737384,66.83983,55.04318,297.4263,5957,78.1,56.70686444,4.882714635,26.5,103784,18241,43.32966746,9.642781587,25218,540.501034,86.47166111,9.4,0,15.90418159,33.3,453.6088271,71.55294478,7.926283482,12.8,517.8,16.5,23.12851361,17.45884875,2.973409368,96.71719,48021,54.14047852,12.4763076,4659978,23.51762176,15.41708995,1503104,32.25560292,36500,0.7832655,84271,1.808399095,2889,0.061996001,243811,5.232020409,2729264,58.5681735,64214,1.474733923,51.18519873,1215567,26.81374924,2020
23000,Maine,0,18065,7009.907185,14.99146241,7.091152511,17.30342833,29.9,8.1,21.6,69.96659794,20.21985275,36.72391017,341,15.43736787,10.245537,111.385,64.62922,476.3883,3675,86.66897754,67.81046334,3.367017341,14.8,105696,22947,31.4131816,11.28821093,1674,125.7905115,87.40913823,7.35,0,15.00154234,32.7,337.4450536,44.86595433,6.262058694,10.2,133.9,12.9,28.00945631,11.49881349,4.943425793,142.85672,55579,44.79190435,1.705514314,1338404,18.70914911,20.62150143,20708,1.547215938,9657,0.721531018,16674,1.245812176,455,0.033995714,22850,1.707257301,1246689,93.1474353,7081,0.558272941,51.03324557,814819,61.34017786,2020
24000,Maryland,0,70250,7211.087308,14.90075082,8.669579101,13.84752518,31,9,22.4,92.57129753,16.62922745,28.86354699,552.1,17.24926308,7.029856661,87.67093,77.3824,258.39366,4550,87.7,69.54944705,3.924886547,12.1,157000,34542,33.21378128,8.995110355,27530.5,459.1150697,75.64925409,9.6,0,16.4972055,49.5,339.1524069,52.29721458,6.475835903,10.7,642.8,10.7,36.52407425,8.707266358,3.701935124,106.74005,83076,46.47832164,8.23718374,6042718,22.17790074,15.40922479,1801327,29.80988026,36188,0.598869582,405682,6.713568298,6746,0.111638504,628433,10.39983994,3050812,50.48741311,180954,3.209963136,51.52974208,739221,12.80357395,2020
25000,Massachusetts,0,67991,5705.957481,14.39870091,7.534108867,13.66761859,24.7,9.3,21.3,94.46567605,21.34634262,29.96651786,427.3,9.993115784,3.279807861,103.28261,102.95344,629.26778,4933,88.3,73.12244349,3.338605595,12.4,155843,28449,30.70166189,9.425904678,26038,384.1209832,64.05367576,7.7,0,17.74304484,43.3,281.840529,33.55142365,4.069312642,8.9,342.5,9,32.25469818,5.765760298,1.462689034,129.2496,79817,0,2.101046424,6902149,19.80336849,16.50355563,500276,7.24811939,34112,0.494222886,492508,7.135574732,7417,0.107459286,847223,12.27477123,4928183,71.40070433,295529,4.569438758,51.45674195,525640,8.027944161,2020
26000,Michigan,0,131680,7625.529237,17.38465658,8.47041664,19.30484974,32,7.1,23.4,85.49507064,19.60625899,28.99959498,507.9,20.09470132,6.123135365,78.29509,74.39039,268.0495,5203,80.64444881,67.99857956,4.145810728,19.3,108581,23192,34.05057226,9.900313291,43960,443.1858835,75.28111146,8.4,0,15.2655363,33.3,367.5771139,54.61299604,6.665402882,10.8,183.7,13.7,25.53659131,9.673665102,2.936452244,105.91327,56640,50.30325399,6.224643051,9995915,21.65552628,17.17305519,1375622,13.76184171,73499,0.735290366,337336,3.374738581,4142,0.041436927,519022,5.192341071,7485441,74.88500052,141495,1.507653503,50.75845483,2513683,25.43276566,2020
27000,Minnesota,0,51060,5278.513887,12.13242131,6.594981188,14.51363317,27.9,8.8,20.1,86.91455856,21.71279577,30.00525486,422.1,14.21589717,5.085243784,89.44509,71.73181,251.49795,6015,83.2,74.95092151,2.909880664,11.5,128766,29819,27.86479505,13.02046442,12949.5,235.9360944,64.79957117,6.9,0,13.37487297,30.9,265.5662877,43.13883748,5.031899015,8.3,175.6,9.1,12.21589734,7.87693917,3.302113612,114.62832,70295,37.16667967,2.179225825,5611179,23.21463992,15.85766556,367582,6.550887077,76616,1.365417143,288975,5.149987195,4145,0.073870393,309283,5.511907569,4459268,79.47114145,110434,2.133735527,50.19226797,1417614,26.72764038,2020
28000,Mississippi,0,50885,10382.53773,24.14845834,11.58423826,22.18639774,36.8,4,31.9,54.47978413,13.6364223,19.96987952,708.7,36.17002774,14.46177895,52.94729,47.14501,159.11442,6085,83.25456315,59.70892893,4.760952927,28.2,90485,17049,43.72551632,12.66378473,8360.5,279.4842887,85.89722522,9.9,0,15.81900337,31.9,499.9997412,77.06137433,8.849290016,14.6,383,19.2,11.34010078,23.36307776,5.030718462,117.3268,44740,74.5340121,11.06018043,2986530,23.64419577,15.88716671,1118103,37.43819751,18423,0.616869745,32152,1.07656712,1812,0.060672419,100168,3.353992761,1686128,56.45776202,22877,0.816981152,51.52451172,1503073,50.65461934,2020
29000,Missouri,0,85529,8373.71358,18.01923151,8.333541108,20.77499288,32.2,6.8,25.8,76.69829671,19.75779505,27.43462579,534.6,26.01244918,10.90508781,69.92684,58.10867,194.30496,4800,91.30474859,66.69073945,3.196994625,18.3,105161,22977,33.2864643,11.77878843,29250,481.2205134,87.73879606,9.7,0,13.78437505,31.8,400.8283858,58.72007569,6.460118146,11.6,237.4,14.2,23.71681555,14.26207489,5.015030304,97.18512,54412,50.85726087,8.562415757,6126452,22.47352954,16.87704401,710969,11.60490607,35019,0.571603271,131046,2.139019452,9585,0.156452707,263265,4.297185386,4858302,79.30041727,55588,0.972306035,50.90856829,1770556,29.56382671,2020
30000,Montana,0,13077,7232.356284,14.73141046,7.494062596,17.15814697,25.8,7.3,21.6,75.1930181,20.94283236,45.07186858,434.1,24.36826897,10.44142312,80.15284,72.01322,300.76108,3142,86.39,67.77805021,3.721533365,16.4,102171,22744,26.78562648,14.26949061,3576.5,346.2079988,91.44552621,5.95,0,14.81746253,15.9,336.0240059,56.55699433,5.512039455,8.1,67.7,11.1,11.5043872,18.50071735,6.083247123,124.5405,55248,44.81397932,3.44295861,1062305,21.59775206,18.72362457,5612,0.528285191,70603,6.64620801,9852,0.927417267,893,0.084062487,42503,4.001016657,912905,85.93624242,3023,0.308493941,49.65174785,436401,44.1069723,2020
31000,Nebraska,0,19920,6093.033145,14.44429921,6.986180343,15.39411734,32.2,8,23.3,83.54655565,21.72827137,34.00174368,447.6,21.3540913,9.6002101,75.3616,76.76487,265.23013,3590,89,71.89571202,2.794830451,12.9,110464,26212,28.17127829,14.14006529,5412.5,285.7241649,59.00891249,7.5,0,12.78419051,18.4,310.3533085,51.73406686,5.50740982,9.4,133.5,11.6,7.122432884,12.64123907,5.142556107,119.89003,59724,45.88804359,3.160309768,1929268,24.71616178,15.7399594,92902,4.815401489,28663,1.485693019,52343,2.713101549,2338,0.121185859,215872,11.18932155,1515603,78.55844808,47271,2.66623725,50.06489508,490655,26.86546488,2020
32000,Nevada,,,,,,,,,,,,,,,,,,,,,,,,,,,,,,,,,,,,,,,,,,,,,,,,,,,,,,,,,,,,,,,,,,,,
33000,New Hampshire,0,15688,6529.882712,13.10896829,6.861921758,15.66527419,27.9,9,21.3,88.23186248,20.73347979,30.47138047,328.6,10.63106251,7.022106632,90.7808,74.53235,306.97596,4032,88.9,70.6325738,2.525631769,10.1,138856,32116,27.65789961,10.35154286,2619.5,196.8358977,86.37864122,7.45,0,15.06880844,38.9,307.8927503,32.74032696,4.155360529,9.3,101.5,9.1,34.70459449,8.697844798,2.461535032,137.78532,75322,26.46179011,1.360377204,1356458,19.03265711,18.10929642,19146,1.411470167,4090,0.301520578,40460,2.982768357,637,0.04696054,52663,3.882390756,1220322,89.96386176,12700,0.992541869,50.43960078,522598,39.69691676,2020
34000,New Jersey,0,91120,5905.86147,17.73167308,8.073808446,13.73893182,26.4,9.3,26,94.71865789,18.05530223,21.9126247,391.3,12.66348615,8.957848689,84.10281,85.8953,223.67352,4535,90.5,69.1647114,4.146017708,13.5,160269,30609,29.30276093,8.506887459,22630,253.0945648,56.40062777,9.9,0,21.66030519,42.5,292.3347049,35.14297329,4.33604637,9.5,468.2,9.6,28.44895345,6.591622513,3.558193335,59.24665,81777,37.90530168,4.176347096,8908520,21.93005123,16.14776641,1150141,12.91057325,54706,0.61408629,889251,9.98202844,9984,0.112072488,1839359,20.64718943,4892895,54.92376961,518820,6.205861347,51.1457122,467768,5.320446311,2020
35000,New Mexico,0,27957,8913.532516,20.58442405,8.957533773,17.48559441,26.6,4.1,19.7,76.86942223,16.17338999,30.48387097,649.4,35.20255774,10.99907515,74.66225,67.24163,391.28044,3094,71.1,59.98223192,4.949051536,25.3,99221,19037,39.47253924,8.3043193,13539,649.8844258,105.4029278,5.9,0,17.8309619,26.1,393.6413557,54.34632708,5.624069044,8.9,189.5,15.5,24.42328717,17.60917879,5.352334307,100.17047,47405,74.14294209,7.59960671,2095428,23.00976221,17.47561835,38590,1.841628536,228493,10.9043594,37256,1.777966124,3404,0.162448913,1029233,49.11803221,777525,37.10578459,86241,4.390917464,50.49770262,464818,22.5729769,2020
36000,New York,0,191428,5456.427901,16.60823716,7.946689925,14.09140114,25.5,9.1,24.7,93.19155715,18.81306943,20.86317012,588.5,15.12988435,6.633740797,82.0579,82.14015,289.23547,4203,81.8,68.19969881,4.11132249,18.8,138256,24105,34.04293141,7.975052544,74841.5,379.0257128,48.8513681,8.5,0,23.8562602,38.1,278.7750854,39.03340411,4.629500617,9.8,759.7,11.4,19.0338022,5.826673202,2.636020927,118.08286,67648,54.90896024,3.279180612,19542209,20.8170018,16.4440673,2833908,14.50147217,190414,0.974372959,1750013,8.955041879,26745,0.136857609,3754130,19.21036665,10830524,55.42118601,1302270,7.056520165,51.44648182,2349997,12.12707519,2020
37000,North Carolina,0,134245,7668.185044,18.45562096,9.060290823,17.19453047,31.4,6.7,24.3,73.50540083,16.86620227,29.45992531,612,24.33199753,12.64455498,70.81382,56.22317,244.27897,4758,86.3,67.1055773,3.904517302,20.2,105347,22147,35.15094484,11.49763287,35268,351.0869081,74.58467752,9.8,0,15.58516954,32.8,371.9564098,57.10227029,7.107848388,11.2,355.7,14.6,21.52005334,14.04304311,4.886634514,124.87938,53922,55.88158049,6.090290928,10383620,22.156483,16.26855567,2219512,21.37512736,163078,1.570531279,329284,3.171186927,12989,0.12509125,997349,9.605022141,6525505,62.84422003,234263,2.452391438,51.35741678,3233727,33.91256636,2020
38000,North Dakota,0,7642,6565.423556,15.12232985,6.409228869,18.26962381,32.7,9,23.9,73.97868839,24.12910425,43.16666667,433.9,21.39189256,8.576119427,76.64884,65.12498,187.61257,4551,85.12953064,73.44676967,2.608446162,11,118973,26920,27.39678097,16.15053356,1931.5,257.974642,70.08271724,5.4,0,11.20377501,13.5,316.1827434,55.0583434,5.97861135,9,60.3,7.3,9.457109151,15.00139037,7.528335125,141.69617,65250,30.01604551,2.272354383,760077,23.51051275,15.34541895,24620,3.239145508,41962,5.52075645,13426,1.766399983,573,0.075387099,29529,3.885001125,638189,83.96372999,4427,0.632988314,48.77492675,269719,40.10148813,2020
39000,Ohio,0,167344,8606.383776,17.99517423,8.555293211,21.13145981,32.3,6.7,26.4,83.92524286,20.20739274,32.72065514,526.6,23.86164789,7.094155,76.21836,62.13299,244.38292,5168,85.3,65.390161,4.576051184,19.2,107280,22643,35.99045591,11.16256665,33953.5,292.5949315,86.59788781,11.5,0,14.06676156,30.5,407.5477437,58.87419248,7.289594371,11.8,217.6,14.5,38.38406628,10.1494687,4.574887006,99.13219,56155,37.42618159,5.841173019,11689442,22.18519071,17.06687111,1474401,12.61309992,33566,0.287148009,287222,2.457106165,6994,0.05983177,460877,3.942677503,9195982,78.66912724,113702,1.038759007,50.97526469,2546810,22.07609862,2020
40000,Oklahoma,0,60388,9224.751464,20.80582755,8.006368484,20.14787789,33.7,5.7,29.3,71.29860682,14.14671699,26.35073951,553.4,36.16498274,16.51508079,61.86935,61.09439,403.64395,4926,82.67395793,59.67522028,3.393496631,21.4,101062,21704,34.03180914,11.62848677,16696,428.0141079,94.04248035,9.4,0,14.18337325,26.5,458.4374501,65.59478159,7.443379014,12.2,183.8,15.8,19.52955473,17.58384922,8.150600377,94.36788,51914,62.02491755,7.261777464,3943079,24.25733798,15.71241662,292842,7.426734286,367043,9.30853782,92179,2.337741648,7568,0.191931229,429078,10.88180075,2576177,65.33414623,75206,2.058101143,50.46901165,1266322,33.75642535,2020
41000,Oregon,0,46659,5953.217699,16.73356981,6.441987572,16.08781403,28.8,7.9,17.2,87.86136734,18.59276151,30.94390027,449.8,18.49536127,8.229386536,94.04322,79.79549,521.60575,2944,76.7,69.58869487,4.151304883,15.7,115091,25267,29.98570353,10.17192337,10027,248.6946446,73.62613745,7.85,0,19.39064982,29.2,304.176142,41.91137727,4.839227344,9.3,195,12.3,12.73843936,10.5324299,3.685828674,87.45529,63168,49.29860806,2.767594148,4190713,20.84530723,17.62685729,82107,1.95926087,76023,1.814082711,202394,4.829583892,18999,0.453359607,556396,13.27688152,3155276,75.29210423,114957,2.985883695,50.42624012,726692,18.9683624,2020
42000,Pennsylvania,0,165530,7572.544522,17.53152844,8.211004655,18.7494183,30.3,8.2,23.1,84.39141203,19.20689358,26.78510998,440.8,18.09737909,6.61214907,80.84784,68.9932,206.52671,4655,86.6,64.96817864,4.292804414,16.7,117096,24513,33.75054586,12.25251233,40305.5,315.2384559,85.55706157,10.6,0,14.93138759,36.9,358.7097689,49.31401914,6.247618427,10.6,0,12,37.58123328,9.734833523,4.394706978,116.92769,60891,49.66758674,5.424251473,12807060,20.68320911,18.2370505,1388544,10.84201995,49563,0.386997484,474071,3.701638003,10056,0.078519192,976143,7.621913226,9741631,76.06453784,243190,2.012840497,51.00624187,2711092,21.34318304,2020
44000,Rhode Island,0,11529,6019.600046,16.37673656,7.522833623,14.94989093,28.1,8.4,24.4,94.92773382,19.6438006,36.20689655,498.5,14.81933386,5.442538941,97.20292,64.69217,409.33875,4364,84.1,66.29213483,4.072636725,18,125549,23635,36.38482217,10.06946705,2418.5,229.0681138,78.41280672,6.6,0,18.42701833,32.9,303.5465975,42.30921788,5.683238393,9.5,263,11.4,30.34619239,6.511744018,2.232272788,109.04981,63787,46.77054465,2.355599707,1057315,19.40888004,17.23743634,63323,5.989038272,11308,1.06950152,38419,3.633638036,2135,0.201926578,168342,15.9216506,761439,72.01628654,43878,4.378937031,51.35489424,97524,9.265348429,2020
45000,South Carolina,0,75507,8737.55843,18.23390665,9.574051096,18.78839288,32.9,6.3,25.9,68.26230325,17.35186756,33.10643564,641.6,27.08711901,13.11660778,66.75465,55.28973,175.42835,4499,83.6,62.44825335,3.424350921,22.1,101046,21229,38.67854628,11.67509791,24474,499.795734,84.92940407,10.2,0,14.70903297,34.7,413.3961302,60.7296467,6.913479544,12.8,400.7,13.5,19.98723922,18.8414052,5.202188674,93.52638,52449,65.86840829,8.254413203,5084127,21.75289878,17.70048231,1353188,26.61593623,27694,0.544714953,89962,1.769467993,5153,0.101354667,296046,5.822946594,3238535,63.69893986,66072,1.416080937,51.54869263,1557555,33.67421461,2020
46000,South Dakota,0,9845,7225.223017,13.36020225,6.483632524,19.27891245,31.8,6.5,21.3,73.52686138,18.97709024,36.74418605,510.2,26.16692803,10.7643725,75.66123,59.6213,181.47092,4803,86.16857394,68.18534588,3.016571555,16.1,103665,25261,31.19949212,16.68456626,3203.5,372.797154,80.52669913,5.6,0,11.87881332,14.8,332.9635112,68.25556283,6.694855532,9.9,74.6,11.4,7.603095491,16.49678804,6.486167533,149.27995,57041,37.44789693,3.362614716,882235,24.66531026,16.64567831,20162,2.285332139,79412,9.001229831,15093,1.710768673,747,0.084671318,36402,4.126111524,718383,81.42762416,7988,0.993678177,49.49973647,352933,43.34827679,2020
47000,Tennessee,0,106691,9284.819335,19.65377183,9.168165109,22.63907648,33.2,6.4,27.2,70.1824505,14.27063221,25.14422121,522.4,30.92657627,11.28714206,71.64996,53.88471,151.84616,5320,89.8,60.75808102,3.490555106,21.8,101453,21282,35.32334192,11.34159938,40972.5,620.7697773,88.55752269,10,0,14.66058469,34.8,451.1266419,62.67952387,7.18312957,12.8,290.4,13.9,25.96688276,15.14520408,4.32747425,139.42372,52366,0,7.467712363,6770010,22.24841618,16.39136427,1133558,16.74381574,31826,0.470102703,128526,1.898461007,6496,0.095952591,380772,5.624393465,4989758,73.70384977,94554,1.513469872,51.21242066,2132860,33.60896172,2020
48000,Texas,0,297317,6650.619481,20.80662385,8.328264628,15.70960286,30.1,6,24.4,80.54326567,19.52038161,26.88501285,535.4,34.31658863,19.39113335,60.9053,57.64089,113.83937,5011,95,61.4188542,3.8552734,21.1,120934,24998,32.77482702,7.623850204,115228,420.3901404,56.58131184,8.75,0,17.66780002,38.2,340.0571859,50.29638036,5.714472369,10,374.8,14.9,10.39837414,13.2850194,10.66295277,82.12016,60632,58.67899095,5.38626959,28701845,25.77569142,12.55083079,3441644,11.99102009,290961,1.013736225,1486266,5.178294287,42333,0.147492261,11368849,39.61016792,11912849,41.50551646,1957944,7.563622586,50.31641346,3847522,15.30099885,2020
49000,Utah,0,24654,6031.692822,13.89157202,7.057205705,8.880106723,25.9,7.8,18.1,85.67512758,12.21675711,22.47774481,326.7,17.68636479,10.04553231,57.90125,68.01419,333.52261,2436,87,70.32716283,3.115377349,9.7,121695,32158,18.15341613,3.456021004,6876.5,229.4415576,66.85908376,5.6,0,14.17246955,24.2,289.2204054,48.00415874,5.193215252,7.1,115.3,12.1,20.4956864,8.258312396,6.957266882,89.08277,71381,34.33006001,2.103846731,3161105,29.49797618,11.08719894,36307,1.148554066,48628,1.538322833,85389,2.701238966,33495,1.059597831,450218,14.24242472,2466025,78.01148649,65988,2.363056561,49.63334024,260290,9.417540889,2020
50000,Vermont,0,7277,6291.996036,13.05374048,6.731169627,15.81384094,26.3,8.6,19.1,75.83473034,19.47666228,34.66666667,297.9,12.32780793,5.518172348,112.88256,71.53133,457.44924,3455,89.15708002,68.3351469,2.665137071,12.2,112481,25401,30.45603863,13.40480424,805.5,128.7609219,83.39851507,6.5,0,16.96388635,30.8,300.5427019,38.40856957,4.548423778,8.4,122.9,11.9,21.9786082,10.09179653,1.484363384,117.03675,60917,38.15942753,2.032058578,626299,18.51719386,19.35289694,8155,1.302093728,2457,0.392304634,12581,2.008784941,247,0.039438032,12534,2.001280539,579588,92.54174125,3322,0.558037027,50.6223066,382356,61.10451449,2020
51000,Virginia,0,94324,6410.581491,15.80538609,8.070214747,16.37718314,29.8,8.9,22.9,82.35873308,17.3998391,30.15995872,500.3,17.60948551,10.15545027,75.79675,68.62193,174.89494,4461,91.7,70.67981801,2.968681604,13.8,142587,29713,29.73238629,11.38013842,17321,206.9649853,62.78735832,8.9,0,14.92890382,40.2,321.1087321,48.66627012,5.964689824,10.5,305,10.2,17.16568345,9.628543333,5.046920333,92.93605,72600,43.83894451,4.592258429,8517685,21.95188012,15.44317499,1627434,19.10652953,46409,0.544854617,589046,6.915564499,9998,0.117379311,820874,9.637289944,5234514,61.45465581,209755,2.653843667,50.80062247,1963930,24.54598311,2020
53000,Washington,0,74525,5593.512362,15.56431479,6.436041965,13.48905711,27.8,8.1,17,86.21165165,17.43002478,32.05417607,435.2,17.79835569,7.091401548,84.50199,81.58617,372.69804,2969,79.4,70.71632483,4.502840029,12.6,134514,30369,27.97546589,8.652744228,21079.5,293.8005635,65.79045707,7.4,0,17.30082826,36.6,287.092659,40.14996853,4.486353277,8.8,209.4,11.5,15.45255472,7.945617247,2.614781074,93.09157,74023,43.01557519,3.179041659,7535591,22.07238954,15.44977693,295631,3.923129586,144450,1.916903399,703455,9.335100591,59001,0.782964468,970358,12.8769993,5124948,68.00990128,251397,3.67468129,49.97192656,1072671,15.95158925,2020
54000,West Virginia,0,34459,10754.51679,23.89985666,9.398903134,26.00690965,36.7,6.7,28.9,59.37536765,12.25324606,27.36318408,228,33.60247766,7.509861687,77.70436,55.15463,130.35543,6149,89.4,55.06161591,5.25562615,23.2,91084,18559,33.52435452,13.12878712,6072.5,329.8991587,118.7680006,9.6,0,11.37416401,33.4,502.3138589,58.84953196,7.20561371,14.9,113.6,14.8,49.77267605,16.31022943,2.597165767,151.50911,44038,55.17723932,5.164517092,1805832,20.165774,19.92865339,63429,3.512452986,4526,0.250632396,15338,0.849359187,528,0.0292386,30201,1.67241471,1662293,92.05136469,5979,0.345654289,50.47490575,950184,51.27830959,2020
55000,Wisconsin,0,63747,6365.517425,16.71519286,7.353426573,16.02475908,31.3,8.8,20.8,85.23877147,24.20335297,36.21527778,478.6,16.81613837,6.416786781,78.71648,68.37453,203.35188,3940,88.6,69.25725014,3.000222449,14.1,110535,25995,31.53930224,11.58660978,17196.5,298.1292397,79.96428357,8.6,0,14.42163061,27,308.438746,49.56170569,6.016081573,9.3,124.9,10,19.15140416,10.06542626,3.907718083,115.62607,60779,37.09441697,3.496280906,5813568,21.950427,16.95125954,370909,6.380057823,67571,1.162298265,176147,3.029929296,3243,0.055783299,403955,6.948486713,4712894,81.06715188,77206,1.418582799,50.24960575,1697348,29.84617863,2020
56000,Wyoming,0,6956,7103.823993,14.97730279,8.772747577,18.72294486,28.9,6.8,24.1,76.48298695,19.77250944,34.16536662,369.7,27.92616406,14.15192159,67.83874,67.50476,335.27366,3375,81.68381394,66.87598736,4.059383374,13.1,114780,26895,26.33544574,13.61953341,1286,219.8940883,92.4879146,4.8,0,11.81796154,14.7,342.2727193,48.99335949,5.111943884,8.7,65,12.3,13.4285729,17.33841567,8.798823128,105.75746,62259,37.14085494,3.290860764,577737,23.32808873,16.50837665,6598,1.14204214,15860,2.745193747,6213,1.075402822,572,0.099006988,58227,10.07846131,484253,83.81893491,5119,0.940014617,49.01936348,198633,35.24198671,2020
